{"cameraMode":{"drawMode":0,"name":"Shaded","section":"Shading Mode"},"sceneLighting":true,"audioPlay":false,"sceneViewState":{"m_AlwaysRefresh":false,"showFog":true,"showSkybox":true,"showFlares":true,"showImageEffects":true,"showParticleSystems":true,"showVisualEffectGraphs":true,"m_FxEnabled":true},"in2DMode":false,"pivot":{"x":9.899999618530274,"y":0.8941118717193604,"z":-1.3289985656738282},"rotation":{"x":-0.02866794914007187,"y":0.8531680703163147,"z":0.047129709273576739,"w":0.5187467932701111},"size":10.645852088928223,"orthographic":true}